account_id,customer_id,account_type,balance,currency,opened_date,status,branch_code
ACCT-362516,CUST-00038,SAVINGS,154548.0,GBP,2020-10-23,FROZEN,BR-915
ACCT-251996,CUST-00079,SAVINGS,44433.43,EUR,2020-01-31,ACTIVE,BR-840
ACCT-505326,CUST-00018,CHECKING,94026.58,GBP,2020-03-28,CLOSED,BR-500
ACCT-953539,CUST-00017,CHECKING,485111.79,EUR,2020-07-31,CLOSED,BR-991
ACCT-610336,CUST-00095,SAVINGS,55365.95,EUR,2020-02-09,ACTIVE,BR-375
ACCT-341681,CUST-00074,INVESTMENT,254718.48,USD,2020-05-01,ACTIVE,BR-927
ACCT-927983,CUST-00044,CREDIT,300220.56,USD,2020-06-22,CLOSED,BR-333
ACCT-374829,CUST-00053,INVESTMENT,234231.18,USD,2020-05-07,ACTIVE,BR-724
ACCT-583213,CUST-00031,SAVINGS,302182.32,GBP,2020-05-22,FROZEN,BR-563
ACCT-198291,CUST-00044,CREDIT,452513.08,EUR,2020-03-21,FROZEN,BR-539
ACCT-192672,CUST-00037,CREDIT,371859.71,EUR,2020-07-10,FROZEN,BR-942
ACCT-616575,CUST-00091,INVESTMENT,242104.19,GBP,2020-06-28,CLOSED,BR-660
ACCT-622491,CUST-00082,CREDIT,413954.38,GBP,2020-06-03,CLOSED,BR-163
ACCT-392238,CUST-00044,CREDIT,197251.02,USD,2020-07-08,CLOSED,BR-278
ACCT-614308,CUST-00032,SAVINGS,NOT_A_NUMBER,USD,2020-05-07,ACTIVE,BR-189
ACCT-257137,CUST-00008,SAVINGS,432471.06,USD,2020-12-30,ACTIVE,BR-639
ACCT-538184,CUST-00031,INVESTMENT,248348.53,GBP,2020-01-31,ACTIVE,BR-787
ACCT-927153,CUST-00013,CHECKING,61000.34,EUR,2020-09-15,CLOSED,BR-991
ACCT-514439,CUST-00028,CREDIT,143571.79,EUR,2020-02-06,CLOSED,BR-212
ACCT-520867,CUST-00039,CHECKING,,USD
ACCT-499356,CUST-00069,CHECKING,15196.26,EUR,2020-01-24,FROZEN,BR-220
ACCT-909308,CUST-00005,CREDIT,60530.2,EUR,2020-04-30,ACTIVE,BR-767
ACCT-296263,CUST-00027,CHECKING,281251.54,EUR,2020-11-16,FROZEN,BR-353
ACCT-596889,CUST-00047,CHECKING,101684.7,USD,2020-06-01,FROZEN,BR-537
ACCT-348069,CUST-00037,CREDIT,317274.59,EUR,2020-07-28,FROZEN,BR-202
ACCT-384894,CUST-00027,CREDIT,28050.4,EUR,2020-09-09,ACTIVE,BR-347
ACCT-938325,CUST-00092,SAVINGS,72834.67,USD,2020-12-07,FROZEN,BR-264
ACCT-894097,CUST-00019,CHECKING,198621.75,EUR,2020-03-07,CLOSED,BR-306
ACCT-696936,CUST-00036,CHECKING,292964.43,EUR,2020-04-13,CLOSED,BR-198
ACCT-727507,CUST-00016,SAVINGS,NOT_A_NUMBER,USD,2020-06-19,ACTIVE,BR-693
ACCT-980082,CUST-00065,CHECKING,393349.22,USD,2020-08-02,FROZEN,BR-505
ACCT-640691,CUST-00086,SAVINGS,420890.71,USD,2020-05-17,CLOSED,BR-672
ACCT-543282,CUST-00074,CHECKING,281221.61,GBP,2020-06-03,ACTIVE,BR-434
ACCT-691834,CUST-00040,SAVINGS,408206.01,EUR,2020-12-28,ACTIVE,BR-576
ACCT-835815,CUST-00095,SAVINGS,433917.77,USD,2020-08-25,FROZEN,BR-299
ACCT-789313,CUST-00090,SAVINGS,16343.36,EUR,2020-07-01,ACTIVE,BR-999
ACCT-232149,CUST-00011,CREDIT,22813.31,EUR,2020-03-27,ACTIVE,BR-961
ACCT-837312,CUST-00074,INVESTMENT,324356.03,EUR,2020-03-12,FROZEN,BR-365
ACCT-168798,CUST-00036,INVESTMENT,440752.21,USD,2020-10-15,ACTIVE,BR-516
ACCT-406420,CUST-00010,CHECKING,,USD
ACCT-581176,CUST-00003,CHECKING,3402.38,GBP,2020-04-11,ACTIVE,BR-909
ACCT-771780,CUST-00021,INVESTMENT,143822.19,GBP,2020-01-18,CLOSED,BR-577
ACCT-385002,CUST-00081,SAVINGS,114409.02,EUR,2020-11-10,FROZEN,BR-475
ACCT-767358,CUST-00091,CHECKING,16282.16,GBP,2020-03-14,FROZEN,BR-633
ACCT-762855,CUST-00008,SAVINGS,NOT_A_NUMBER,USD,2020-04-13,ACTIVE,BR-236
ACCT-291639,CUST-00017,CHECKING,319705.62,USD,2020-11-06,ACTIVE,BR-364
ACCT-243394,CUST-00073,CREDIT,203747.08,EUR,2020-07-28,ACTIVE,BR-450
ACCT-142736,CUST-00073,SAVINGS,490086.17,EUR,2020-07-14,FROZEN,BR-897
ACCT-227670,CUST-00091,SAVINGS,126339.69,GBP,2020-08-07,ACTIVE,BR-249
ACCT-167107,CUST-00057,CREDIT,347636.46,EUR,2020-07-14,FROZEN,BR-940
ACCT-255577,CUST-00083,SAVINGS,427392.02,EUR,2020-04-19,ACTIVE,BR-439
ACCT-885873,CUST-00052,CREDIT,349473.89,GBP,2020-02-24,FROZEN,BR-209
ACCT-212080,CUST-00050,SAVINGS,238591.97,EUR,2020-12-02,FROZEN,BR-847
ACCT-554523,CUST-00082,SAVINGS,149690.56,EUR,2020-04-14,CLOSED,BR-666
ACCT-308894,CUST-00062,SAVINGS,289251.62,EUR,2020-06-01,ACTIVE,BR-822
ACCT-205249,CUST-00007,INVESTMENT,329863.52,GBP,2020-06-30,FROZEN,BR-635
ACCT-746527,CUST-00076,INVESTMENT,245011.78,EUR,2020-04-08,ACTIVE,BR-581
ACCT-713985,CUST-00072,INVESTMENT,74282.35,EUR,2020-04-02,CLOSED,BR-900
ACCT-307165,CUST-00040,CHECKING,408106.0,GBP,2020-04-15,CLOSED,BR-119
ACCT-948417,CUST-00038,CHECKING,,USD
ACCT-276441,CUST-00023,CREDIT,42409.78,USD,2020-07-24,ACTIVE,BR-465
ACCT-729605,CUST-00083,SAVINGS,203409.72,USD,2020-07-06,CLOSED,BR-401
ACCT-604617,CUST-00036,SAVINGS,225897.06,USD,2020-01-28,CLOSED,BR-487
ACCT-120302,CUST-00048,SAVINGS,199985.15,EUR,2020-02-28,FROZEN,BR-424
ACCT-144777,CUST-00093,INVESTMENT,317578.29,EUR,2020-09-18,CLOSED,BR-136
ACCT-578769,CUST-00090,INVESTMENT,308447.68,USD,2020-02-06,FROZEN,BR-426
ACCT-222873,CUST-00013,SAVINGS,267107.52,GBP,2020-12-29,FROZEN,BR-195
ACCT-523835,CUST-00022,INVESTMENT,358354.82,EUR,2020-08-06,CLOSED,BR-541
ACCT-885924,CUST-00044,CHECKING,474812.63,GBP,2020-11-09,FROZEN,BR-124
ACCT-535496,CUST-00093,SAVINGS,210937.75,GBP,2020-05-09,ACTIVE,BR-501
ACCT-946720,CUST-00097,INVESTMENT,151501.74,USD,2020-01-05,ACTIVE,BR-416
ACCT-998161,CUST-00072,INVESTMENT,142799.17,USD,2020-10-05,FROZEN,BR-662
ACCT-828169,CUST-00025,INVESTMENT,371748.39,EUR,2020-02-29,FROZEN,BR-428
ACCT-943378,CUST-00080,CREDIT,246938.21,GBP,2020-07-18,FROZEN,BR-901
ACCT-953587,CUST-00080,SAVINGS,NOT_A_NUMBER,USD,2020-03-28,ACTIVE,BR-115
ACCT-688533,CUST-00079,INVESTMENT,327422.5,USD,2020-08-30,ACTIVE,BR-896
ACCT-640758,CUST-00047,INVESTMENT,450246.16,EUR,2020-11-03,FROZEN,BR-329
ACCT-647111,CUST-00010,SAVINGS,68282.47,EUR,2020-05-29,FROZEN,BR-937
ACCT-297925,CUST-00017,CHECKING,205298.77,USD,2020-06-29,CLOSED,BR-904
ACCT-736733,CUST-00099,CHECKING,,USD
