transaction_id,account_id,transaction_date,amount,currency,transaction_type,merchant,status
TXN-000001,ACCT-956217,2024-04-04,49383.41,GBP,TRANSFER,Shell Gas,COMPLETED
TXN-000002,ACCT-183814,2024-10-25,18837.25,GBP,DEBIT,Shell Gas,COMPLETED
TXN-000003,ACCT-335851,2024-09-13,21702.92,EUR,DEBIT,Starbucks,COMPLETED
TXN-000004,ACCT-905531,2024-01-30,10268.62,GBP,PAYMENT,Starbucks,PENDING
TXN-000005,ACCT-780193,2024-02-29,39194.24,USD,CREDIT,Target,PENDING
TXN-000006,ACCT-632842,2024-12-17,35120.11,EUR,TRANSFER,Shell Gas,PENDING
TXN-000007,ACCT-287230,2024-04-04,39890.41,USD,CREDIT,Uber,FAILED
TXN-000008,ACCT-856054,2024-09-06,5739.13,USD,PAYMENT,Uber,FAILED
TXN-000009,ACCT-813207,2024-02-25,28922.7,USD,TRANSFER,Starbucks,PENDING
TXN-000010,ACCT-392973,2024-03-15,37045.94,GBP,TRANSFER,Shell Gas,FAILED
TXN-000011,ACCT-794759,2024-08-21,1927.62,EUR,TRANSFER,Starbucks,COMPLETED
TXN-000012,ACCT-148287,2024-03-31,1181.77,GBP,TRANSFER,Amazon,PENDING
TXN-000013,ACCT-665872,2024-05-05,27164.38,USD,TRANSFER,United Airlines,COMPLETED
TXN-000014,ACCT-694264,2024-08-01,41145.84,USD,TRANSFER,United Airlines,PENDING
TXN-000015,ACCT-333562,2024-11-27,48139.72,EUR,PAYMENT,Netflix,PENDING
TXN-000016,ACCT-376308,2024-06-23,39243.34,USD,TRANSFER,Uber,PENDING
TXN-000017,ACCT-552614,2024-04-01,24759.03,GBP,CREDIT,Netflix,FAILED
TXN-000018,ACCT-715697,2024-07-15,12406.18,GBP,PAYMENT,Amazon,PENDING
TXN-000019,ACCT-406722,2024-05-29,29556.06,EUR,TRANSFER,Walmart,PENDING
TXN-000020,ACCT-563104,2024-12-27,13513.04,GBP,DEBIT,Netflix,FAILED
TXN-000021,ACCT-633930,2024-11-28,41421.97,USD,TRANSFER,Shell Gas,FAILED
TXN-000022,ACCT-588153,2024-03-24,18022.2,EUR,TRANSFER,Target,PENDING
TXN-000023,ACCT-473447,2024-08-12,40789.93,EUR,TRANSFER,Target,COMPLETED
TXN-000024,ACCT-713132,2024-06-17,25331.71,GBP,TRANSFER,Amazon,COMPLETED
TXN-000025,ACCT-123122,2024-11-19,36237.65,USD,TRANSFER,Target,PENDING
TXN-000026,ACCT-775467,2024-12-03,46164.0,GBP,DEBIT,Shell Gas,FAILED
TXN-000027,ACCT-235585,2024-01-08,42736.21,USD,PAYMENT,Walmart,COMPLETED
TXN-000028,ACCT-869125,2024-04-08,5407.18,USD,PAYMENT,United Airlines,COMPLETED
TXN-000029,ACCT-603769,2024-01-21,20945.95,EUR,DEBIT,Shell Gas,FAILED
TXN-000030,ACCT-668566,2024-12-19,2915.59,GBP,CREDIT,Amazon,FAILED
TXN-000031,ACCT-707047,2024-01-13,45155.83,USD,CREDIT,Amazon,COMPLETED
TXN-000032,ACCT-560025,2024-05-14,28066.23,GBP,PAYMENT,Uber,COMPLETED
TXN-000033,ACCT-913339,2024-10-04,42125.53,EUR,PAYMENT,Amazon,FAILED
TXN-000034,ACCT-641300,2024-03-23,44072.06,GBP,PAYMENT,Walmart,FAILED
TXN-000035,ACCT-586335,2024-09-27,9852.86,GBP,DEBIT,Starbucks,PENDING
TXN-000036,ACCT-183736,2024-10-23,14100.34,GBP,PAYMENT,Netflix,FAILED
TXN-000037,ACCT-682426,2024-07-11,10084.69,EUR,TRANSFER,Starbucks,FAILED
TXN-000038,ACCT-818975,2024-07-23,6617.25,USD,CREDIT,United Airlines,FAILED
TXN-000039,ACCT-117493,2024-03-10,2897.31,GBP,DEBIT,Uber,FAILED
TXN-000040,ACCT-869519,2024-03-05,49526.75,USD,PAYMENT,Target,COMPLETED
TXN-000041,ACCT-345667,2024-11-12,44768.92,USD,DEBIT,Netflix,FAILED
TXN-000042,ACCT-175174,2024-05-19,985.82,USD,TRANSFER,Target,PENDING
TXN-000043,ACCT-567284,2024-10-29,8076.16,GBP,CREDIT,Netflix,FAILED
TXN-000044,ACCT-295764,2024-02-29,27647.29,EUR,PAYMENT,Target,COMPLETED
TXN-000045,ACCT-450484,2024-01-21,33316.01,GBP,CREDIT,Netflix,FAILED
TXN-000046,ACCT-897136,2024-09-05,41224.25,GBP,DEBIT,Target,COMPLETED
TXN-000047,ACCT-802347,2024-05-14,5259.43,USD,DEBIT,Starbucks,PENDING
TXN-000048,ACCT-891666,2024-08-04,11325.41,GBP,CREDIT,Amazon,PENDING
TXN-000049,ACCT-159514,2024-06-20,8551.19,EUR,PAYMENT,Walmart,FAILED
TXN-000050,ACCT-592101,2024-01-27,30173.32,GBP,TRANSFER,Target,COMPLETED
TXN-000051,ACCT-865087,2024-05-20,31074.53,USD,DEBIT,Amazon,COMPLETED
TXN-000052,ACCT-844347,2024-04-14,43234.93,GBP,DEBIT,United Airlines,PENDING
TXN-000053,ACCT-761608,2024-02-17,26426.04,USD,DEBIT,Amazon,PENDING
TXN-000054,ACCT-331474,2024-11-24,1880.04,GBP,CREDIT,Amazon,FAILED
TXN-000055,ACCT-345547,2024-03-28,35649.29,GBP,DEBIT,Starbucks,FAILED
TXN-000056,ACCT-458333,2024-08-13,49760.11,EUR,TRANSFER,Amazon,PENDING
TXN-000057,ACCT-952159,2024-10-09,30898.0,EUR,PAYMENT,Uber,FAILED
TXN-000058,ACCT-341848,2024-12-04,32467.93,EUR,PAYMENT,Walmart,FAILED
TXN-000059,ACCT-659643,2024-09-27,40366.33,GBP,DEBIT,Netflix,PENDING
TXN-000060,ACCT-312900,2024-02-12,14053.82,USD,TRANSFER,Uber,COMPLETED
TXN-000061,ACCT-250465,2024-02-21,31730.7,GBP,DEBIT,Starbucks,PENDING
TXN-000062,ACCT-956999,2024-04-07,3911.47,USD,CREDIT,Walmart,COMPLETED
TXN-000063,ACCT-516391,2024-10-31,43697.07,GBP,PAYMENT,Uber,PENDING
TXN-000064,ACCT-689646,2024-10-23,14617.0,USD,PAYMENT,Starbucks,PENDING
TXN-000065,ACCT-466038,2024-06-21,6643.69,USD,DEBIT,Target,FAILED
TXN-000066,ACCT-463107,2024-12-16,46141.71,USD,DEBIT,Netflix,PENDING
TXN-000067,ACCT-141027,2024-04-03,2974.62,EUR,DEBIT,Netflix,COMPLETED
TXN-000068,ACCT-309890,2024-04-15,20436.05,GBP,PAYMENT,Walmart,PENDING
TXN-000069,ACCT-639642,2024-01-11,40788.6,GBP,PAYMENT,Shell Gas,FAILED
TXN-000070,ACCT-930939,2024-06-07,47311.62,USD,CREDIT,Walmart,PENDING
TXN-000071,ACCT-811623,2024-08-09,42352.75,USD,TRANSFER,United Airlines,COMPLETED
TXN-000072,ACCT-668774,2024-08-14,21780.32,EUR,PAYMENT,Shell Gas,FAILED
TXN-000073,ACCT-920766,2024-02-01,37655.62,USD,TRANSFER,Walmart,COMPLETED
TXN-000074,ACCT-650030,2024-01-04,18357.89,EUR,CREDIT,United Airlines,PENDING
TXN-000075,ACCT-408883,2024-10-30,27566.91,GBP,PAYMENT,Walmart,PENDING
TXN-000076,ACCT-633368,2024-07-13,41586.08,USD,CREDIT,Netflix,PENDING
TXN-000077,ACCT-957662,2024-06-05,13479.53,GBP,PAYMENT,Netflix,COMPLETED
TXN-000078,ACCT-185965,2024-05-04,29592.57,USD,CREDIT,United Airlines,COMPLETED
TXN-000079,ACCT-367677,2024-11-04,48632.14,EUR,DEBIT,Target,PENDING
TXN-000080,ACCT-387368,2024-02-22,37796.0,USD,DEBIT,Walmart,PENDING
TXN-000081,ACCT-497636,2024-03-04,15371.81,EUR,TRANSFER,United Airlines,COMPLETED
TXN-000082,ACCT-415498,2024-11-18,29209.64,USD,TRANSFER,Target,FAILED
TXN-000083,ACCT-789641,2024-04-15,37644.38,GBP,DEBIT,United Airlines,PENDING
TXN-000084,ACCT-450843,2024-04-28,23519.21,EUR,TRANSFER,Shell Gas,COMPLETED
TXN-000085,ACCT-606263,2024-06-13,29137.83,EUR,PAYMENT,Walmart,COMPLETED
TXN-000086,ACCT-589099,2024-07-02,34566.08,GBP,DEBIT,Uber,FAILED
TXN-000087,ACCT-283507,2024-05-08,4728.38,GBP,TRANSFER,Starbucks,PENDING
TXN-000088,ACCT-962885,2024-03-18,13166.95,GBP,DEBIT,Starbucks,PENDING
TXN-000089,ACCT-588221,2024-07-25,2287.36,GBP,DEBIT,Amazon,FAILED
TXN-000090,ACCT-734551,2024-12-17,34526.72,GBP,CREDIT,Uber,FAILED
TXN-000091,ACCT-362847,2024-07-15,13633.81,USD,CREDIT,Netflix,FAILED
TXN-000092,ACCT-621182,2024-05-10,36030.86,USD,PAYMENT,Walmart,FAILED
TXN-000093,ACCT-956880,2024-06-01,33497.09,GBP,DEBIT,Starbucks,PENDING
TXN-000094,ACCT-724570,2024-05-06,37502.08,USD,CREDIT,Netflix,FAILED
TXN-000095,ACCT-834917,2024-02-08,35623.77,EUR,CREDIT,Shell Gas,FAILED
TXN-000096,ACCT-745629,2024-02-15,4588.01,USD,CREDIT,Target,FAILED
TXN-000097,ACCT-806588,2024-01-11,28583.54,GBP,CREDIT,Target,COMPLETED
TXN-000098,ACCT-834632,2024-02-07,38046.52,EUR,DEBIT,Shell Gas,FAILED
TXN-000099,ACCT-382413,2024-06-07,46543.16,EUR,PAYMENT,Starbucks,FAILED
TXN-000100,ACCT-932045,2024-02-17,35343.22,EUR,CREDIT,Netflix,COMPLETED
TXN-000101,ACCT-417819,2024-04-04,24153.46,EUR,TRANSFER,United Airlines,PENDING
TXN-000102,ACCT-552712,2024-08-25,8531.61,USD,TRANSFER,Walmart,COMPLETED
TXN-000103,ACCT-109592,2024-04-27,19744.65,USD,PAYMENT,Netflix,PENDING
TXN-000104,ACCT-192158,2024-01-13,22625.95,GBP,TRANSFER,Target,COMPLETED
TXN-000105,ACCT-576480,2024-06-04,24326.66,EUR,PAYMENT,Shell Gas,COMPLETED
TXN-000106,ACCT-233751,2024-05-01,47375.45,USD,DEBIT,United Airlines,PENDING
TXN-000107,ACCT-134972,2024-09-01,45707.72,USD,CREDIT,Target,COMPLETED
TXN-000108,ACCT-297484,2024-05-02,13357.04,EUR,CREDIT,Netflix,COMPLETED
TXN-000109,ACCT-970602,2024-12-05,3396.57,USD,PAYMENT,United Airlines,PENDING
TXN-000110,ACCT-267638,2024-09-18,48472.32,EUR,CREDIT,Target,COMPLETED
TXN-000111,ACCT-269077,2024-07-11,13550.59,GBP,TRANSFER,Uber,COMPLETED
TXN-000112,ACCT-683947,2024-11-18,4767.21,USD,DEBIT,Uber,FAILED
TXN-000113,ACCT-374300,2024-09-13,20758.26,USD,PAYMENT,Uber,COMPLETED
TXN-000114,ACCT-347537,2024-06-07,36697.95,EUR,CREDIT,Netflix,FAILED
TXN-000115,ACCT-487864,2024-08-30,38642.41,GBP,CREDIT,Shell Gas,COMPLETED
TXN-000116,ACCT-943432,2024-06-21,40398.3,USD,PAYMENT,United Airlines,FAILED
TXN-000117,ACCT-241935,2024-04-07,6395.78,EUR,PAYMENT,United Airlines,COMPLETED
TXN-000118,ACCT-447089,2024-06-22,30859.01,USD,TRANSFER,Netflix,COMPLETED
TXN-000119,ACCT-728325,2024-03-08,42169.16,USD,CREDIT,Netflix,PENDING
TXN-000120,ACCT-205178,2024-10-22,40456.2,USD,DEBIT,Amazon,PENDING
TXN-000121,ACCT-593828,2024-03-22,4009.85,GBP,DEBIT,Netflix,PENDING
TXN-000122,ACCT-349758,2024-06-11,1506.53,GBP,TRANSFER,Shell Gas,PENDING
TXN-000123,ACCT-306160,2024-06-04,19154.96,EUR,CREDIT,Shell Gas,FAILED
TXN-000124,ACCT-870608,2024-06-27,14830.46,USD,DEBIT,Netflix,COMPLETED
TXN-000125,ACCT-529793,2024-08-08,39137.85,USD,CREDIT,Walmart,PENDING
TXN-000126,ACCT-606456,2024-05-16,14465.51,EUR,CREDIT,Uber,PENDING
TXN-000127,ACCT-682411,2024-02-05,3123.35,EUR,CREDIT,Starbucks,COMPLETED
TXN-000128,ACCT-263904,2024-11-07,42689.46,EUR,PAYMENT,Uber,PENDING
TXN-000129,ACCT-929399,2024-02-17,40151.99,USD,TRANSFER,Target,PENDING
TXN-000130,ACCT-515714,2024-10-24,25957.06,EUR,PAYMENT,Amazon,PENDING
TXN-000131,ACCT-189617,2024-03-28,34682.5,USD,TRANSFER,United Airlines,COMPLETED
TXN-000132,ACCT-867281,2024-02-26,20221.98,USD,TRANSFER,Walmart,COMPLETED
TXN-000133,ACCT-770241,2024-09-27,1563.6,GBP,DEBIT,Amazon,FAILED
TXN-000134,ACCT-980776,2024-09-10,45932.88,USD,DEBIT,Uber,FAILED
TXN-000135,ACCT-860354,2024-05-24,43903.09,GBP,DEBIT,Starbucks,PENDING
TXN-000136,ACCT-775744,2024-05-31,49940.28,EUR,CREDIT,Starbucks,PENDING
TXN-000137,ACCT-345339,2024-10-01,21609.58,GBP,TRANSFER,Uber,FAILED
TXN-000138,ACCT-723670,2024-06-10,5296.15,EUR,TRANSFER,Amazon,COMPLETED
TXN-000139,ACCT-823816,2024-02-15,4734.69,USD,CREDIT,Amazon,COMPLETED
TXN-000140,ACCT-638777,2024-01-13,19697.94,GBP,CREDIT,Amazon,COMPLETED
TXN-000141,ACCT-822334,2024-02-23,2737.38,EUR,TRANSFER,Shell Gas,PENDING
TXN-000142,ACCT-196613,2024-11-29,43306.08,USD,PAYMENT,Netflix,COMPLETED
TXN-000143,ACCT-450213,2024-09-04,22543.58,EUR,PAYMENT,Starbucks,COMPLETED
TXN-000144,ACCT-560269,2024-09-21,16359.27,USD,PAYMENT,Uber,COMPLETED
TXN-000145,ACCT-808764,2024-10-18,23650.56,EUR,TRANSFER,Starbucks,PENDING
TXN-000146,ACCT-828305,2024-12-12,16987.29,EUR,DEBIT,Netflix,PENDING
TXN-000147,ACCT-963758,2024-08-31,27446.85,USD,DEBIT,Amazon,PENDING
TXN-000148,ACCT-152537,2024-11-26,44713.66,USD,DEBIT,Uber,PENDING
TXN-000149,ACCT-621862,2024-12-10,41476.72,GBP,PAYMENT,Walmart,COMPLETED
TXN-000150,ACCT-764849,2024-02-20,6623.14,EUR,DEBIT,Starbucks,PENDING
TXN-000151,ACCT-654565,2024-05-07,39383.49,USD,TRANSFER,Target,COMPLETED
TXN-000152,ACCT-262222,2024-03-28,21579.31,EUR,CREDIT,Starbucks,FAILED
TXN-000153,ACCT-534136,2024-01-19,4365.13,GBP,DEBIT,Netflix,COMPLETED
TXN-000154,ACCT-401428,2024-04-26,10686.04,EUR,TRANSFER,Netflix,FAILED
TXN-000155,ACCT-612149,2024-03-19,11522.84,USD,DEBIT,Walmart,FAILED
TXN-000156,ACCT-413718,2024-05-29,36606.81,USD,PAYMENT,Netflix,COMPLETED
TXN-000157,ACCT-318878,2024-08-11,18406.51,EUR,DEBIT,Amazon,PENDING
TXN-000158,ACCT-261664,2024-06-01,16673.21,GBP,PAYMENT,United Airlines,PENDING
TXN-000159,ACCT-794635,2024-05-03,28489.1,USD,CREDIT,Netflix,COMPLETED
TXN-000160,ACCT-743445,2024-12-31,38480.0,GBP,DEBIT,Uber,FAILED
TXN-000161,ACCT-243827,2024-10-10,29635.39,GBP,PAYMENT,Target,FAILED
TXN-000162,ACCT-431425,2024-12-07,14082.7,GBP,TRANSFER,Target,FAILED
TXN-000163,ACCT-218182,2024-09-02,40524.23,USD,CREDIT,Target,PENDING
TXN-000164,ACCT-778016,2024-01-12,2920.51,EUR,DEBIT,Uber,PENDING
TXN-000165,ACCT-134944,2024-08-29,9352.59,GBP,PAYMENT,Target,PENDING
TXN-000166,ACCT-443836,2024-10-30,34660.45,GBP,TRANSFER,Netflix,FAILED
TXN-000167,ACCT-547434,2024-04-24,48789.74,GBP,DEBIT,United Airlines,FAILED
TXN-000168,ACCT-456490,2024-04-09,42036.9,GBP,CREDIT,Shell Gas,PENDING
TXN-000169,ACCT-712765,2024-12-01,41978.89,GBP,CREDIT,Uber,FAILED
TXN-000170,ACCT-881867,2024-11-06,29358.04,EUR,CREDIT,Target,PENDING
TXN-000171,ACCT-394273,2024-12-07,49491.05,GBP,DEBIT,Netflix,COMPLETED
TXN-000172,ACCT-283892,2024-04-21,7094.19,USD,TRANSFER,Shell Gas,COMPLETED
TXN-000173,ACCT-193876,2024-09-26,4568.51,GBP,CREDIT,Netflix,PENDING
TXN-000174,ACCT-837481,2024-10-09,21333.39,EUR,DEBIT,Uber,PENDING
TXN-000175,ACCT-536591,2024-05-01,41431.45,GBP,DEBIT,Shell Gas,COMPLETED
TXN-000176,ACCT-421001,2024-11-20,37494.66,USD,DEBIT,Netflix,PENDING
TXN-000177,ACCT-972285,2024-07-09,5959.04,USD,CREDIT,Uber,FAILED
TXN-000178,ACCT-732959,2024-02-13,18025.76,USD,DEBIT,United Airlines,PENDING
TXN-000179,ACCT-363319,2024-07-01,10161.52,GBP,TRANSFER,Netflix,FAILED
TXN-000180,ACCT-410012,2024-01-20,36696.33,EUR,PAYMENT,Walmart,FAILED
TXN-000181,ACCT-981254,2024-03-10,22491.65,USD,PAYMENT,Starbucks,PENDING
TXN-000182,ACCT-763821,2024-04-11,47860.01,GBP,CREDIT,Walmart,PENDING
TXN-000183,ACCT-771366,2024-11-26,45661.71,GBP,CREDIT,Netflix,PENDING
TXN-000184,ACCT-699775,2024-03-03,11012.88,USD,CREDIT,Shell Gas,PENDING
TXN-000185,ACCT-977997,2024-08-26,20082.68,USD,TRANSFER,Starbucks,FAILED
TXN-000186,ACCT-812133,2024-07-27,19012.85,EUR,DEBIT,Uber,PENDING
TXN-000187,ACCT-475644,2024-07-08,10808.04,GBP,DEBIT,Amazon,COMPLETED
TXN-000188,ACCT-735758,2024-10-20,24941.14,USD,TRANSFER,Netflix,PENDING
TXN-000189,ACCT-360274,2024-03-02,28749.42,USD,DEBIT,Target,PENDING
TXN-000190,ACCT-928164,2024-09-02,11702.41,USD,PAYMENT,Netflix,PENDING
TXN-000191,ACCT-982936,2024-01-21,10065.04,USD,TRANSFER,Starbucks,COMPLETED
TXN-000192,ACCT-162454,2024-08-09,12896.16,EUR,PAYMENT,Netflix,COMPLETED
TXN-000193,ACCT-440037,2024-04-10,6036.36,USD,TRANSFER,Starbucks,PENDING
TXN-000194,ACCT-419562,2024-11-16,11840.06,GBP,DEBIT,Netflix,COMPLETED
TXN-000195,ACCT-726474,2024-08-06,22307.4,GBP,TRANSFER,Uber,COMPLETED
TXN-000196,ACCT-348513,2024-10-21,30791.52,USD,CREDIT,Amazon,FAILED
TXN-000197,ACCT-433094,2024-05-12,14747.14,GBP,CREDIT,Netflix,FAILED
TXN-000198,ACCT-894237,2024-08-20,49946.62,EUR,CREDIT,Target,COMPLETED
TXN-000199,ACCT-111624,2024-08-18,41437.8,GBP,TRANSFER,Shell Gas,FAILED
TXN-000200,ACCT-755165,2024-04-13,22431.97,USD,DEBIT,Amazon,PENDING
